"","fname","slp","cat"
"1","e9inc1_15_095.xls",3.99307280384051e-05,"P"
"2","e9inc3_15_095.xls",-0.0015925218470386,"N"
